rsid,gene,alleles,trait,trait_value
rs12913832,HERC2,AA,eye_color,blue
rs12913832,HERC2,AG,eye_color,intermediate
rs12913832,HERC2,GG,eye_color,brown

rs1800407,OCA2,CC,eye_color,brown_shift
rs1800407,OCA2,CT,eye_color,blue_shift
rs1800407,OCA2,TT,eye_color,strong_blue_shift

rs12896399,SLC24A4,GG,eye_color,darker
rs12896399,SLC24A4,GT,eye_color,lighter
rs12896399,SLC24A4,TT,eye_color,lightest

rs1805007,MC1R,CC,hair_color,non_red
rs1805007,MC1R,CT,hair_color,red_carrier
rs1805007,MC1R,TT,hair_color,strong_red

rs1805008,MC1R,CC,hair_color,non_red
rs1805008,MC1R,CT,hair_color,red_carrier
rs1805008,MC1R,TT,hair_color,strong_red

rs1805005,MC1R,GG,hair_color,non_red
rs1805005,MC1R,GA,hair_color,red_carrier
rs1805005,MC1R,AA,hair_color,strong_red

rs2228479,MC1R,GG,hair_color,non_red
rs2228479,MC1R,GA,hair_color,red_carrier
rs2228479,MC1R,AA,hair_color,strong_red

rs885479,MC1R,CC,hair_color,non_red
rs885479,MC1R,CT,hair_color,red_carrier
rs885479,MC1R,TT,hair_color,strong_red

rs35264875,MC1R,CC,hair_color,non_red
rs35264875,MC1R,CT,hair_color,red_carrier
rs35264875,MC1R,TT,hair_color,strong_red

rs3924079,MC1R,CC,hair_color,non_red
rs3924079,MC1R,CT,hair_color,red_carrier
rs3924079,MC1R,TT,hair_color,strong_red

rs1110400,TYRP1,CC,hair_color,dark_brown
rs1110400,TYRP1,CT,hair_color,medium_brown
rs1110400,TYRP1,TT,hair_color,light

rs12821256,KITLG,AA,hair_color,blonde
rs12821256,KITLG,AG,hair_color,dark_blonde
rs12821256,KITLG,GG,hair_color,brown

rs4959270,IRF4,CC,hair_color,dark
rs4959270,IRF4,CT,hair_color,medium
rs4959270,IRF4,TT,hair_color,light

rs12203592,IRF4,CC,hair_color,dark
rs12203592,IRF4,CT,hair_color,medium
rs12203592,IRF4,TT,hair_color,light

rs2378249,TYRP1,CC,hair_color,darker
rs2378249,TYRP1,CT,hair_color,medium
rs2378249,TYRP1,TT,hair_color,light

rs1042602,TYR,CC,skin_tone,light
rs1042602,TYR,CA,skin_tone,medium
rs1042602,TYR,AA,skin_tone,dark

rs1393350,TYR,CC,skin_tone,light
rs1393350,TYR,CT,skin_tone,medium
rs1393350,TYR,TT,skin_tone,dark

rs16891982,SLC45A2,GG,skin_tone,light
rs16891982,SLC45A2,GC,skin_tone,medium
rs16891982,SLC45A2,CC,skin_tone,dark

rs1426654,SLC24A5,AA,skin_tone,light
rs1426654,SLC24A5,AG,skin_tone,medium
rs1426654,SLC24A5,GG,skin_tone,dark

rs6058017,ASIP,AA,skin_tone,darker
rs6058017,ASIP,AG,skin_tone,medium
rs6058017,ASIP,GG,skin_tone,lighter

rs2424984,BNC2,CC,skin_tone,freckles_low
rs2424984,BNC2,CT,skin_tone,freckles_med
rs2424984,BNC2,TT,skin_tone,freckles_high

rs12202284,SLTM,CC,skin_tone,light
rs12202284,SLTM,CT,skin_tone,medium
rs12202284,SLTM,TT,skin_tone,dark

rs28777,RALY,AA,skin_tone,light
rs28777,RALY,AG,skin_tone,medium
rs28777,RALY,GG,skin_tone,dark

rs1139793,PMEL,CC,skin_tone,light
rs1139793,PMEL,CT,skin_tone,medium
rs1139793,PMEL,TT,skin_tone,dark

rs3868230,MFSD12,AA,skin_tone,light
rs3868230,MFSD12,AT,skin_tone,medium
rs3868230,MFSD12,TT,skin_tone,dark

rs6119471,OCA2,CC,eye_color,darker
rs6119471,OCA2,CT,eye_color,lighter
rs6119471,OCA2,TT,eye_color,lightest

rs1448484,APBA2,CC,eye_color,light
rs1448484,APBA2,CT,eye_color,medium
rs1448484,APBA2,TT,eye_color,dark

rs2402130,ASIP,AA,skin_tone,darker
rs2402130,ASIP,AG,skin_tone,medium
rs2402130,ASIP,GG,skin_tone,lighter

rs35407,EXOC2,CC,skin_tone,light
rs35407,EXOC2,CT,skin_tone,medium
rs35407,EXOC2,TT,skin_tone,dark

rs2733832,RALY,CC,skin_tone,light
rs2733832,RALY,CT,skin_tone,medium
rs2733832,RALY,TT,skin_tone,dark
