snp_id,chrom,position,ref,alt,left_context,right_context,reference_window
rs12913832,chr1,100000,T,C,GTGTTAACCTTACTATACTCCCGCT,CCGGGGTTTGGCTCATATGAACAAG,GTGTTAACCTTACTATACTCCCGCTTCCGGGGTTTGGCTCATATGAACAAG
rs1800407,chr2,101000,T,C,TTTGCGCCCATAAATGTAGCCAGTG,AGCTTAGTTGGAGCAAGGGGTGCGG,TTTGCGCCCATAAATGTAGCCAGTGTAGCTTAGTTGGAGCAAGGGGTGCGG
rs12896399,chr3,102000,A,C,GCGCAACTCCGTCGCGCGGGTAGCC,AACTACTTAAGACCTAGGATTCTGT,GCGCAACTCCGTCGCGCGGGTAGCCAAACTACTTAAGACCTAGGATTCTGT
rs16891982,chr4,103000,T,C,CAGATTAGAACTTGGGACTCAAGAT,TGCTGCCCTAAGCTATACTAGGCAG,CAGATTAGAACTTGGGACTCAAGATTTGCTGCCCTAAGCTATACTAGGCAG
rs1393350,chr5,104000,C,T,GCAGCGTCTGGTTTTACTCAGTGTG,ATCTTTATGCTTGAGAAAATCAACC,GCAGCGTCTGGTTTTACTCAGTGTGCATCTTTATGCTTGAGAAAATCAACC
rs12203592,chr6,105000,C,T,TGTCACATACATAGTGTTTGGGTCT,TCCGTAAACAGGTGCTTGGCGAGTT,TGTCACATACATAGTGTTTGGGTCTCTCCGTAAACAGGTGCTTGGCGAGTT
rs1426654,chr7,106000,C,A,GCGAAACACTTTGAGGTCAGCGCCA,TTCAGCGAAGAGCATGTTGTATTGT,GCGAAACACTTTGAGGTCAGCGCCACTTCAGCGAAGAGCATGTTGTATTGT
rs1800414,chr8,107000,G,T,TGTTCAAACACCGATATGAACGAAA,GAACCGTTGGTCGAGAATGCAATCT,TGTTCAAACACCGATATGAACGAAAGGAACCGTTGGTCGAGAATGCAATCT
rs6058017,chr9,108000,T,G,AAGCTCAACGATCCGTCTCATTTTC,AGGCGCGTACGAGTTGTCCAGCTCT,AAGCTCAACGATCCGTCTCATTTTCTAGGCGCGTACGAGTTGTCCAGCTCT
rs1805007,chr10,109000,A,C,CACGGAAGGTTCACTCTGGAGCTAA,GGTGCCCGGCAGAACTCGACTTGTC,CACGGAAGGTTCACTCTGGAGCTAAAGGTGCCCGGCAGAACTCGACTTGTC
rs1805008,chr11,110000,A,C,ATTAGATAGAGTGCTCTTCGTAACA,TTCCGCAGGATGTTGCCGAAGTTTA,ATTAGATAGAGTGCTCTTCGTAACAATTCCGCAGGATGTTGCCGAAGTTTA
rs1110400,chr12,111000,C,A,GGAGGTGATAATCGAGCTGTTTATG,CCGAATTGTCGACACCCCACTCGAC,GGAGGTGATAATCGAGCTGTTTATGCCCGAATTGTCGACACCCCACTCGAC
rs885479,chr13,112000,T,C,AGTCATCTCCTAATTTAACGTTCTC,ACAGTAAAAGGTCTTTACTTATTAA,AGTCATCTCCTAATTTAACGTTCTCTACAGTAAAAGGTCTTTACTTATTAA
rs1408799,chr14,113000,C,G,AAACCCCGACGATTCTCTGAACGAG,ACATGTAAAGTGCTAAGTCCGTCTG,AAACCCCGACGATTCTCTGAACGAGCACATGTAAAGTGCTAAGTCCGTCTG
rs12821256,chr15,114000,G,C,CGTCTTATCACACAGTTTAAGTTAG,GCCGTTATCCGTAGATCTTATTTTT,CGTCTTATCACACAGTTTAAGTTAGGGCCGTTATCCGTAGATCTTATTTTT
rs4648379,chr16,115000,T,G,CTGGTGCCCAATTACTTGTCTTGAC,GCAATCGCTACGTCGTGTTACACAG,CTGGTGCCCAATTACTTGTCTTGACTGCAATCGCTACGTCGTGTTACACAG
rs7559271,chr17,116000,A,T,GCCGCAAGGTAAGGTAGTTCCCAGG,GTGTATGCGATGATCAGAGTATGCA,GCCGCAAGGTAAGGTAGTTCCCAGGAGTGTATGCGATGATCAGAGTATGCA
rs2045323,chr18,117000,A,C,CTGAGCTTTGAGCTACTGATCGGGC,CAGCCAGTCCCATTGACATTCCTAT,CTGAGCTTTGAGCTACTGATCGGGCACAGCCAGTCCCATTGACATTCCTAT
rs6420484,chr19,118000,T,C,TGTAGCTTCGCGTGTGCGCCAACCG,CACGTGCCCTCAGTTCTTCCCCTCC,TGTAGCTTCGCGTGTGCGCCAACCGTCACGTGCCCTCAGTTCTTCCCCTCC
rs11161700,chr20,119000,T,G,AAATACGCAATCCTCTACTTGCTCG,GCAGCGGTTGAAGGTCCAAAGGACG,AAATACGCAATCCTCTACTTGCTCGTGCAGCGGTTGAAGGTCCAAAGGACG
rs3827760,chr21,120000,C,G,CGTCCCAGTGAAATCCTCACCAGCT,TCGTAAAACTTCCTTCGGGTTCTAC,CGTCCCAGTGAAATCCTCACCAGCTCTCGTAAAACTTCCTTCGGGTTCTAC
rs7590268,chr22,121000,A,C,TCACAACCAGCATACATCTTAAAAC,ATCTAACAAACTTGACGACTCCTGA,TCACAACCAGCATACATCTTAAAACAATCTAACAAACTTGACGACTCCTGA
rs1229984,chr1,122000,G,T,ATGGCAAGTGCTTAATATAACCCAT,TGTTTCGTGTGCGATTGTCCGCACG,ATGGCAAGTGCTTAATATAACCCATGTGTTTCGTGTGCGATTGTCCGCACG
rs6740960,chr2,123000,C,T,GCGTTTACGACAGACCTCGTACCTG,GCTACCAATTAAAATAGTAACTTTC,GCGTTTACGACAGACCTCGTACCTGCGCTACCAATTAAAATAGTAACTTTC
rs1852985,chr3,124000,G,T,CACTGATGCAGGATGAACGTTGTCG,GCCGTTCGTTGAGACCGAGACAACT,CACTGATGCAGGATGAACGTTGTCGGGCCGTTCGTTGAGACCGAGACAACT
rs12480977,chr4,125000,G,T,AATGCCTCATCCCCGCGATAGCAAG,ATCCACGTTGCAGGGGACATTTCTT,AATGCCTCATCCCCGCGATAGCAAGGATCCACGTTGCAGGGGACATTTCTT
rs11655860,chr5,126000,C,A,TGCTTTAACGACGTTACCCTCCTCT,TTCCAGCAAAAAGATGGGGTCGGGT,TGCTTTAACGACGTTACCCTCCTCTCTTCCAGCAAAAAGATGGGGTCGGGT
rs6431222,chr6,127000,T,C,ATTGCACGTCAAGGTTGATGTGCCC,CTCGGCGAGAATTGTGACAGAGTAT,ATTGCACGTCAAGGTTGATGTGCCCTCTCGGCGAGAATTGTGACAGAGTAT
rs1493906,chr7,128000,G,A,GCGACCCTTATAACTGGGCCGATCG,TTTTACTCCTTCACTGACCGGAGCA,GCGACCCTTATAACTGGGCCGATCGGTTTTACTCCTTCACTGACCGGAGCA
rs9919054,chr8,129000,C,A,ACTATATAGCACCGGCCACCTTTCA,CCTTCATGTCCAGCCCATCCGTTGA,ACTATATAGCACCGGCCACCTTTCACCCTTCATGTCCAGCCCATCCGTTGA
rs6548238,chr9,130000,C,T,TCTACTAGAAATTAGATCATTACTC,GTACGTCTGCGTGGTGATTCCGTGT,TCTACTAGAAATTAGATCATTACTCCGTACGTCTGCGTGGTGATTCCGTGT
rs974448,chr10,131000,A,T,CCACCTCTGCCTGCGCATACCCACA,CGAAATTAGCGCTGAGAGCCCGTGC,CCACCTCTGCCTGCGCATACCCACAACGAAATTAGCGCTGAGAGCCCGTGC
rs2155219,chr11,132000,C,A,CGTACATGATCCCGGAGCTGTCGCT,GTGTAAGAAGTCAGCTAATGCCGAT,CGTACATGATCCCGGAGCTGTCGCTCGTGTAAGAAGTCAGCTAATGCCGAT
rs1667394,chr12,133000,C,T,TATGTGCGCCGCTACAGGAAGATCG,AGAATTCTAGGTAGACTGTAGTATC,TATGTGCGCCGCTACAGGAAGATCGCAGAATTCTAGGTAGACTGTAGTATC
rs1129038,chr13,134000,C,A,TATAAAGGAACAGTCCGCAAGTGGA,GGGAATCAGGTGTTGGGAAATCAAA,TATAAAGGAACAGTCCGCAAGTGGACGGGAATCAGGTGTTGGGAAATCAAA
rs1470608,chr14,135000,C,T,TTTTCCGAGAATCTTATTTCTCCGC,AGCTAAGGGGTTTTCTCTTCGAAAA,TTTTCCGAGAATCTTATTTCTCCGCCAGCTAAGGGGTTTTCTCTTCGAAAA
rs1042602,chr15,136000,C,T,GGGAGGAGGCTTCTAAGACCGTTGT,GTGAACTCACGTACCCTCGCACCAG,GGGAGGAGGCTTCTAAGACCGTTGTCGTGAACTCACGTACCCTCGCACCAG
rs11654749,chr16,137000,C,A,GCGATGGCTGTCTGTAGTATTCGCG,TGCGTGCTGGCGGATGACTGGCCTC,GCGATGGCTGTCTGTAGTATTCGCGCTGCGTGCTGGCGGATGACTGGCCTC
rs6730970,chr17,138000,T,A,GCCGAAGGATCTATGTTAATCAGTC,TAGCGGAAGTCGACAATTTGATACC,GCCGAAGGATCTATGTTAATCAGTCTTAGCGGAAGTCGACAATTTGATACC
rs1896488,chr18,139000,G,A,TATGCCACGATGCCTCTCGTTACGC,CGTCCTGCTGGTATAATCAGCCTGA,TATGCCACGATGCCTCTCGTTACGCGCGTCCTGCTGGTATAATCAGCCTGA
rs8001641,chr19,140000,G,A,CATAGCGGACGATTGTCGCAAGAGC,CTTCCTGGAGGATGGTCTTGGTCTC,CATAGCGGACGATTGTCGCAAGAGCGCTTCCTGGAGGATGGTCTTGGTCTC
rs11803731,chr20,141000,T,G,GATGGGTGCTGCACTCTTTCTGTCG,TTTAAATCGCATCCAAGTAGCGCTG,GATGGGTGCTGCACTCTTTCTGTCGTTTTAAATCGCATCCAAGTAGCGCTG
rs17646946,chr21,142000,A,T,GTTCGGCATCATCACTGGCCCTTCC,TTACACTGCAATGACGGGGATGATG,GTTCGGCATCATCACTGGCCCTTCCATTACACTGCAATGACGGGGATGATG
rs260690,chr22,143000,A,T,ACATTACTCGGTGTATCAAGTACCT,CGGCGATTACACCTTCGCGTTAGTC,ACATTACTCGGTGTATCAAGTACCTACGGCGATTACACCTTCGCGTTAGTC
rs1540771,chr1,144000,G,A,ACCTTGGAACCCGGCGATGCCCCGT,TAGTCGTACATGCAACTTCCTAGGG,ACCTTGGAACCCGGCGATGCCCCGTGTAGTCGTACATGCAACTTCCTAGGG
rs2180439,chr2,145000,T,A,CTCACTTTCCAACTGCCACCTATCA,GGTGTAAGCTCTTTATGCTACTCTG,CTCACTTTCCAACTGCCACCTATCATGGTGTAAGCTCTTTATGCTACTCTG
rs12203592_f,chr3,146000,G,A,ATAAAAGAAGACTTCTTTACGACCT,TCTGACGGTGTCGGTTTTCTACGGA,ATAAAAGAAGACTTCTTTACGACCTGTCTGACGGTGTCGGTTTTCTACGGA
rs1805007_f,chr4,147000,G,C,TTAGAGTTTCCTTTACTCTAATCAC,ATTAGCGGGAATAGCCAAGAGTGTG,TTAGAGTTTCCTTTACTCTAATCACGATTAGCGGGAATAGCCAAGAGTGTG
rs1042602_t,chr5,148000,G,A,GAATTATGGATTTAGCCGGGATCGT,CTACGTTCACTAACCCGGGCTCGGC,GAATTATGGATTTAGCCGGGATCGTGCTACGTTCACTAACCCGGGCTCGGC
rs1800401,chr6,149000,G,T,CCGCTCACTCCATACCGCTTCTACT,GATTCAGGCGGTTTAATTGCTAGCT,CCGCTCACTCCATACCGCTTCTACTGGATTCAGGCGGTTTAATTGCTAGCT
rs10490642,chr7,150000,G,A,TGCCCGCGGAGATTATCGACAGGAC,GTGAGACCATGACAGCCAAAGGGAT,TGCCCGCGGAGATTATCGACAGGACGGTGAGACCATGACAGCCAAAGGGAT
rs11130234,chr8,151000,G,T,AAATCCGGCCCCCCCGGGAGCGTCA,GCCGGACCGGAACTAACCATGTTGC,AAATCCGGCCCCCCCGGGAGCGTCAGGCCGGACCGGAACTAACCATGTTGC
